{
  "-65 /actions/Order.action" : {
    "transaction" : "-65 /actions/Order.action",
    "sampleCount" : 50,
    "errorCount" : 0,
    "errorPct" : 0.0,
    "meanResTime" : 222.34,
    "medianResTime" : 177.0,
    "minResTime" : 167.0,
    "maxResTime" : 1054.0,
    "pct1ResTime" : 345.8,
    "pct2ResTime" : 458.69999999999914,
    "pct3ResTime" : 1054.0,
    "throughput" : 2.0824656393169514,
    "receivedKBytesPerSec" : 10.804824161807579,
    "sentKBytesPerSec" : 1.3396924458558932
  },
  "PerStoreCart_T06_ClickAddToCart" : {
    "transaction" : "PerStoreCart_T06_ClickAddToCart",
    "sampleCount" : 50,
    "errorCount" : 0,
    "errorPct" : 0.0,
    "meanResTime" : 238.18,
    "medianResTime" : 178.0,
    "minResTime" : 169.0,
    "maxResTime" : 1076.0,
    "pct1ResTime" : 345.7,
    "pct2ResTime" : 907.6999999999989,
    "pct3ResTime" : 1076.0,
    "throughput" : 2.0835937825561532,
    "receivedKBytesPerSec" : 9.309106346626661,
    "sentKBytesPerSec" : 1.3643469756636246
  },
  "-56 /actions/Catalog.action" : {
    "transaction" : "-56 /actions/Catalog.action",
    "sampleCount" : 50,
    "errorCount" : 0,
    "errorPct" : 0.0,
    "meanResTime" : 294.3,
    "medianResTime" : 176.5,
    "minResTime" : 168.0,
    "maxResTime" : 3799.0,
    "pct1ResTime" : 345.8,
    "pct2ResTime" : 782.249999999998,
    "pct3ResTime" : 3799.0,
    "throughput" : 2.0782243651024563,
    "receivedKBytesPerSec" : 9.960864437424664,
    "sentKBytesPerSec" : 1.3597757076353962
  },
  "PerStoreCart_T08_FillPaymentDetailsContinue" : {
    "transaction" : "PerStoreCart_T08_FillPaymentDetailsContinue",
    "sampleCount" : 50,
    "errorCount" : 0,
    "errorPct" : 0.0,
    "meanResTime" : 283.17999999999995,
    "medianResTime" : 179.0,
    "minResTime" : 169.0,
    "maxResTime" : 1511.0,
    "pct1ResTime" : 363.5,
    "pct2ResTime" : 1261.649999999998,
    "pct3ResTime" : 1511.0,
    "throughput" : 2.0815986677768525,
    "receivedKBytesPerSec" : 9.015517667568693,
    "sentKBytesPerSec" : 2.5918342787260618
  },
  "PerStoreCart_T04_SelectProductRandomly" : {
    "transaction" : "PerStoreCart_T04_SelectProductRandomly",
    "sampleCount" : 50,
    "errorCount" : 0,
    "errorPct" : 0.0,
    "meanResTime" : 264.2600000000001,
    "medianResTime" : 177.0,
    "minResTime" : 169.0,
    "maxResTime" : 1140.0,
    "pct1ResTime" : 739.5999999999995,
    "pct2ResTime" : 1024.8499999999992,
    "pct3ResTime" : 1140.0,
    "throughput" : 2.0806458324663972,
    "receivedKBytesPerSec" : 8.596196384357706,
    "sentKBytesPerSec" : 1.3752987677375057
  },
  "-62 /actions/Catalog.action" : {
    "transaction" : "-62 /actions/Catalog.action",
    "sampleCount" : 50,
    "errorCount" : 0,
    "errorPct" : 0.0,
    "meanResTime" : 226.96000000000004,
    "medianResTime" : 177.0,
    "minResTime" : 169.0,
    "maxResTime" : 1335.0,
    "pct1ResTime" : 192.5,
    "pct2ResTime" : 802.7499999999961,
    "pct3ResTime" : 1335.0,
    "throughput" : 2.084462417142619,
    "receivedKBytesPerSec" : 7.54709745122358,
    "sentKBytesPerSec" : 1.3637758212781925
  },
  "PerStoreCart_T02_Login" : {
    "transaction" : "PerStoreCart_T02_Login",
    "sampleCount" : 50,
    "errorCount" : 0,
    "errorPct" : 0.0,
    "meanResTime" : 1013.3399999999999,
    "medianResTime" : 715.5,
    "minResTime" : 676.0,
    "maxResTime" : 4323.0,
    "pct1ResTime" : 1836.3,
    "pct2ResTime" : 1970.6,
    "pct3ResTime" : 4323.0,
    "throughput" : 1.9919525118521175,
    "receivedKBytesPerSec" : 27.644604858870167,
    "sentKBytesPerSec" : 6.067285043424565
  },
  "-68 /actions/Account.action-1" : {
    "transaction" : "-68 /actions/Account.action-1",
    "sampleCount" : 50,
    "errorCount" : 0,
    "errorPct" : 0.0,
    "meanResTime" : 300.67999999999995,
    "medianResTime" : 177.0,
    "minResTime" : 167.0,
    "maxResTime" : 1256.0,
    "pct1ResTime" : 1026.8,
    "pct2ResTime" : 1073.3999999999999,
    "pct3ResTime" : 1256.0,
    "throughput" : 2.060411258087114,
    "receivedKBytesPerSec" : 9.682323216714057,
    "sentKBytesPerSec" : 1.2817206751967694
  },
  "-68 /actions/Account.action-0" : {
    "transaction" : "-68 /actions/Account.action-0",
    "sampleCount" : 50,
    "errorCount" : 0,
    "errorPct" : 0.0,
    "meanResTime" : 215.86,
    "medianResTime" : 174.5,
    "minResTime" : 166.0,
    "maxResTime" : 1002.0,
    "pct1ResTime" : 187.39999999999998,
    "pct2ResTime" : 588.9999999999998,
    "pct3ResTime" : 1002.0,
    "throughput" : 2.060835875030912,
    "receivedKBytesPerSec" : 0.45684545276564176,
    "sentKBytesPerSec" : 1.3000976320995796
  },
  "-57 /actions/Catalog.action" : {
    "transaction" : "-57 /actions/Catalog.action",
    "sampleCount" : 50,
    "errorCount" : 0,
    "errorPct" : 0.0,
    "meanResTime" : 210.51999999999998,
    "medianResTime" : 175.0,
    "minResTime" : 167.0,
    "maxResTime" : 1197.0,
    "pct1ResTime" : 183.9,
    "pct2ResTime" : 505.899999999997,
    "pct3ResTime" : 1197.0,
    "throughput" : 2.0810788312661286,
    "receivedKBytesPerSec" : 7.58415037355365,
    "sentKBytesPerSec" : 1.310144804066428
  },
  "PerStoreCart_T03_SelectCategoryRandomly" : {
    "transaction" : "PerStoreCart_T03_SelectCategoryRandomly",
    "sampleCount" : 50,
    "errorCount" : 0,
    "errorPct" : 0.0,
    "meanResTime" : 210.8,
    "medianResTime" : 175.0,
    "minResTime" : 167.0,
    "maxResTime" : 1198.0,
    "pct1ResTime" : 184.0,
    "pct2ResTime" : 506.349999999997,
    "pct3ResTime" : 1198.0,
    "throughput" : 2.0810788312661286,
    "receivedKBytesPerSec" : 8.270215404665779,
    "sentKBytesPerSec" : 1.310144804066428
  },
  "PerStoreCart_T01_Homepage" : {
    "transaction" : "PerStoreCart_T01_Homepage",
    "sampleCount" : 50,
    "errorCount" : 0,
    "errorPct" : 0.0,
    "meanResTime" : 833.8599999999998,
    "medianResTime" : 549.5,
    "minResTime" : 525.0,
    "maxResTime" : 2194.0,
    "pct1ResTime" : 1717.0999999999997,
    "pct2ResTime" : 2019.7999999999995,
    "pct3ResTime" : 2194.0,
    "throughput" : 1.9939384271813687,
    "receivedKBytesPerSec" : 10.56943142845749,
    "sentKBytesPerSec" : 0.9560778981895038
  },
  "PerStoreCart_T09_ConfirmOrder" : {
    "transaction" : "PerStoreCart_T09_ConfirmOrder",
    "sampleCount" : 50,
    "errorCount" : 0,
    "errorPct" : 0.0,
    "meanResTime" : 284.42,
    "medianResTime" : 179.0,
    "minResTime" : 170.0,
    "maxResTime" : 1127.0,
    "pct1ResTime" : 973.199999999999,
    "pct2ResTime" : 1064.95,
    "pct3ResTime" : 1127.0,
    "throughput" : 2.0810788312661286,
    "receivedKBytesPerSec" : 10.439455563764255,
    "sentKBytesPerSec" : 1.2905127518105386
  },
  "PerStoreCart_T10_SignOff" : {
    "transaction" : "PerStoreCart_T10_SignOff",
    "sampleCount" : 50,
    "errorCount" : 0,
    "errorPct" : 0.0,
    "meanResTime" : 746.7600000000002,
    "medianResTime" : 536.0,
    "minResTime" : 501.0,
    "maxResTime" : 2304.0,
    "pct1ResTime" : 1474.3,
    "pct2ResTime" : 1578.85,
    "pct3ResTime" : 2304.0,
    "throughput" : 2.029550251664231,
    "receivedKBytesPerSec" : 19.37586255885696,
    "sentKBytesPerSec" : 3.8054067218704337
  },
  "-31 /actions/Catalog.action" : {
    "transaction" : "-31 /actions/Catalog.action",
    "sampleCount" : 50,
    "errorCount" : 0,
    "errorPct" : 0.0,
    "meanResTime" : 833.8599999999998,
    "medianResTime" : 549.5,
    "minResTime" : 525.0,
    "maxResTime" : 2194.0,
    "pct1ResTime" : 1717.0999999999997,
    "pct2ResTime" : 2019.7999999999995,
    "pct3ResTime" : 2194.0,
    "throughput" : 2.0018416943588098,
    "receivedKBytesPerSec" : 10.611324918925412,
    "sentKBytesPerSec" : 0.9598674530568122
  },
  "-67 /actions/Order.action" : {
    "transaction" : "-67 /actions/Order.action",
    "sampleCount" : 50,
    "errorCount" : 0,
    "errorPct" : 0.0,
    "meanResTime" : 284.42,
    "medianResTime" : 179.0,
    "minResTime" : 170.0,
    "maxResTime" : 1127.0,
    "pct1ResTime" : 973.199999999999,
    "pct2ResTime" : 1064.95,
    "pct3ResTime" : 1127.0,