{
  "Homepage" : {
    "transaction" : "Homepage",
    "sampleCount" : 50,
    "errorCount" : 0,
    "errorPct" : 0.0,
    "meanResTime" : 308.9199999999999,
    "medianResTime" : 305.0,
    "minResTime" : 282.0,
    "maxResTime" : 367.0,
    "pct1ResTime" : 340.5,
    "pct2ResTime" : 351.34999999999997,
    "pct3ResTime" : 367.0,
    "throughput" : 1.976518954816777,
    "receivedKBytesPerSec" : 14.610682899652133,
    "sentKBytesPerSec" : 4.71546465489979
  },
  "ClickOnSignUp-0" : {
    "transaction" : "ClickOnSignUp-0",
    "sampleCount" : 50,
    "errorCount" : 0,
    "errorPct" : 0.0,
    "meanResTime" : 177.91999999999996,
    "medianResTime" : 174.0,
    "minResTime" : 158.0,
    "maxResTime" : 219.0,
    "pct1ResTime" : 199.7,
    "pct2ResTime" : 215.45,
    "pct3ResTime" : 219.0,
    "throughput" : 2.068509018699322,
    "receivedKBytesPerSec" : 5.391455635652822,
    "sentKBytesPerSec" : 1.173636464711236
  },
  "SignOff" : {
    "transaction" : "SignOff",
    "sampleCount" : 50,
    "errorCount" : 0,
    "errorPct" : 0.0,
    "meanResTime" : 358.6999999999999,
    "medianResTime" : 356.0,
    "minResTime" : 331.0,
    "maxResTime" : 440.0,
    "pct1ResTime" : 387.3,
    "pct2ResTime" : 408.79999999999995,
    "pct3ResTime" : 440.0,
    "throughput" : 2.0536411056803714,
    "receivedKBytesPerSec" : 8.502595609828726,
    "sentKBytesPerSec" : 2.5213257793567996
  },
  "ClickOnSignUp" : {
    "transaction" : "ClickOnSignUp",
    "sampleCount" : 50,
    "errorCount" : 0,
    "errorPct" : 0.0,
    "meanResTime" : 177.91999999999996,
    "medianResTime" : 174.0,
    "minResTime" : 158.0,
    "maxResTime" : 219.0,
    "pct1ResTime" : 199.7,
    "pct2ResTime" : 215.45,
    "pct3ResTime" : 219.0,
    "throughput" : 2.068509018699322,
    "receivedKBytesPerSec" : 5.391455635652822,
    "sentKBytesPerSec" : 1.173636464711236
  },
  "FillDetailsAndClickContinue-0" : {
    "transaction" : "FillDetailsAndClickContinue-0",
    "sampleCount" : 50,
    "errorCount" : 0,
    "errorPct" : 0.0,
    "meanResTime" : 178.64000000000007,
    "medianResTime" : 178.0,
    "minResTime" : 164.0,
    "maxResTime" : 206.0,
    "pct1ResTime" : 192.0,
    "pct2ResTime" : 197.24999999999997,
    "pct3ResTime" : 206.0,
    "throughput" : 2.0678246484698097,
    "receivedKBytesPerSec" : 2.9506888440860215,
    "sentKBytesPerSec" : 1.6255848066583953
  },
  "Total" : {
    "transaction" : "Total",
    "sampleCount" : 600,
    "errorCount" : 0,
    "errorPct" : 0.0,
    "meanResTime" : 129.2849999999999,
    "medianResTime" : 165.0,
    "minResTime" : 1.0,
    "maxResTime" : 254.0,
    "pct1ResTime" : 188.89999999999998,
    "pct2ResTime" : 196.0,
    "pct3ResTime" : 215.99,
    "throughput" : 22.919133656747775,
    "receivedKBytesPerSec" : 36.695905472898126,
    "sentKBytesPerSec" : 13.331818322892396
  },
  "ClickContinue" : {
    "transaction" : "ClickContinue",
    "sampleCount" : 50,
    "errorCount" : 0,
    "errorPct" : 0.0,
    "meanResTime" : 527.2400000000002,
    "medianResTime" : 525.0,
    "minResTime" : 483.0,
    "maxResTime" : 603.0,
    "pct1ResTime" : 561.7,
    "pct2ResTime" : 593.05,
    "pct3ResTime" : 603.0,
    "throughput" : 2.0410662530105728,
    "receivedKBytesPerSec" : 7.444709428705556,
    "sentKBytesPerSec" : 4.109240417193942
  },
  "Homepage-4" : {
    "transaction" : "Homepage-4",
    "sampleCount" : 50,
    "errorCount" : 0,
    "errorPct" : 0.0,
    "meanResTime" : 121.96000000000002,
    "medianResTime" : 118.0,
    "minResTime" : 104.0,
    "maxResTime" : 160.0,
    "pct1ResTime" : 141.0,
    "pct2ResTime" : 145.45,
    "pct3ResTime" : 160.0,
    "throughput" : 2.07288255047469,
    "receivedKBytesPerSec" : 6.381684722337383,
    "sentKBytesPerSec" : 1.1477777403507319
  },
  "FillDetailsAndClickContinue" : {
    "transaction" : "FillDetailsAndClickContinue",
    "sampleCount" : 50,
    "errorCount" : 0,
    "errorPct" : 0.0,
    "meanResTime" : 178.64000000000007,
    "medianResTime" : 178.0,
    "minResTime" : 164.0,
    "maxResTime" : 206.0,
    "pct1ResTime" : 192.0,
    "pct2ResTime" : 197.24999999999997,
    "pct3ResTime" : 206.0,
    "throughput" : 2.0678246484698097,
    "receivedKBytesPerSec" : 2.9506888440860215,
    "sentKBytesPerSec" : 1.6255848066583953
  },
  "Homepage-3" : {
    "transaction" : "Homepage-3",
    "sampleCount" : 50,
    "errorCount" : 0,
    "errorPct" : 0.0,
    "meanResTime" : 54.419999999999995,
    "medianResTime" : 54.0,
    "minResTime" : 48.0,
    "maxResTime" : 64.0,
    "pct1ResTime" : 61.9,
    "pct2ResTime" : 62.0,
    "pct3ResTime" : 64.0,
    "throughput" : 2.078915637603426,
    "receivedKBytesPerSec" : 3.368086955843832,
    "sentKBytesPerSec" : 1.142997562471415
  },
  "ClickContinue-2" : {
    "transaction" : "ClickContinue-2",
    "sampleCount" : 50,
    "errorCount" : 0,
    "errorPct" : 0.0,
    "meanResTime" : 172.34,
    "medianResTime" : 172.0,
    "minResTime" : 152.0,
    "maxResTime" : 204.0,
    "pct1ResTime" : 191.29999999999998,
    "pct2ResTime" : 197.45,
    "pct3ResTime" : 204.0,
    "throughput" : 2.06996481059822,
    "receivedKBytesPerSec" : 3.5355160681018423,
    "sentKBytesPerSec" : 1.4032905971848477
  },
  "Homepage-2" : {
    "transaction" : "Homepage-2",
    "sampleCount" : 50,
    "errorCount" : 0,
    "errorPct" : 0.0,
    "meanResTime" : 125.81999999999998,
    "medianResTime" : 122.0,
    "minResTime" : 112.0,
    "maxResTime" : 167.0,
    "pct1ResTime" : 137.9,
    "pct2ResTime" : 150.45,
    "pct3ResTime" : 167.0,
    "throughput" : 2.0729684908789388,
    "receivedKBytesPerSec" : 2.2005046382669984,
    "sentKBytesPerSec" : 0.9393138474295191
  },
  "ClickContinue-1" : {
    "transaction" : "ClickContinue-1",
    "sampleCount" : 50,
    "errorCount" : 0,
    "errorPct" : 0.0,
    "meanResTime" : 183.98000000000002,
    "medianResTime" : 181.5,
    "minResTime" : 164.0,
    "maxResTime" : 235.0,
    "pct1ResTime" : 200.9,
    "pct2ResTime" : 215.4499999999999,
    "pct3ResTime" : 235.0,
    "throughput" : 1.9866497139224413,
    "receivedKBytesPerSec" : 2.2563218918865227,
    "sentKBytesPerSec" : 1.337108381675143
  },
  "Homepage-1" : {
    "transaction" : "Homepage-1",
    "sampleCount" : 50,
    "errorCount" : 0,
    "errorPct" : 0.0,
    "meanResTime" : 2.0000000000000004,
    "medianResTime" : 2.0,
    "minResTime" : 1.0,
    "maxResTime" : 4.0,
    "pct1ResTime" : 2.8999999999999986,
    "pct2ResTime" : 3.0,
    "pct3ResTime" : 4.0,
    "throughput" : 2.0831597366886094,
    "receivedKBytesPerSec" : 2.04857603012249,
    "sentKBytesPerSec" : 0.9215540632030664
  },
  "ClickContinue-0" : {
    "transaction" : "ClickContinue-0",
    "sampleCount" : 50,
    "errorCount" : 0,
    "errorPct" : 0.0,
    "meanResTime" : 170.92000000000002,
    "medianResTime" : 170.0,
    "minResTime" : 155.0,
    "maxResTime" : 202.0,
    "pct1ResTime" : 188.5,
    "pct2ResTime" : 196.35,
    "pct3ResTime" : 202.0,
    "throughput" : 2.068594596830913,
    "receivedKBytesPerSec" : 1.6625521027264076,
    "sentKBytesPerSec" : 1.3700398980182864
  },
  "SignOff-1" : {
    "transaction" : "SignOff-1",
    "sampleCount" : 50,
    "errorCount" : 0,
    "errorPct" : 0.0,
    "meanResTime" : 183.6,
    "medianResTime" : 180.0,
    "minResTime" : 166.0,
    "maxResTime" : 254.0,
    "pct1ResTime" : 200.9,
    "pct2ResTime" : 214.89999999999992,
    "pct3ResTime" : 254.0,
    "throughput" : 2.0679101699822158,
    "receivedKBytesPerSec" : 6.366538046962241,
    "sentKBytesPerSec" : 1.1389661483105176
  },
  "Homepage-0" : {
    "transaction" : "Homepage-0",
    "sampleCount" : 50,
    "errorCount" : 0,
    "errorPct" : 0.0,
    "meanResTime" : 4.720000000000001,
    "medianResTime" : 3.0,
    "minResTime" : 2.0,
    "maxResTime" : 30.0,
    "pct1ResTime" : 7.899999999999999,
    "pct2ResTime" : 13.349999999999987,
    "pct3ResTime" : 30.0,
    "throughput" : 1.9997600287965442,
    "receivedKBytesPerSec" : 1.2967193936727592,
    "sentKBytesPerSec" : 0.7733446986361636
  },